id,restaurant_name,location,catergory_id,img,description
1,35키친,고대병원,2,./img/1.jpg,안녕하세요 타코라이스맛집 35키친입니다! 저희 35키친은 맛있는 음식을 가성비 있게 제공합니다. 조용하고 편안한 분위기에 기분좋게 식사와 술이 가능합니다.
2,38포차,참살이/옆살이,3,./img/2.jpg,"안암 맥주, 호프"
3,56st,참살이/옆살이,3,./img/3.jpg,안암 요리주점
4,59쌀피자 고대사거리점,고대사거리,6,./img/4.jpg,"풍성한 토핑과, 신선한 재료, 두툼하게 깔린 100% 자연산 치즈, 다양한 종류의 도우로 다른 피자브랜드와 차별화된 맛으로 승부하는 59피자고대사거리점입니다."
5,59쌀피자 안암오거리점,안암오거리,6,./img/5.jpg,59쌀피자 안암오거리점 입니다. 오거리 피자의 선두주자! 배달도 가능합니다. 이제 따듯하게 집에서 피자를 드세요!
6,88왕대포,참살이/옆살이,3,./img/6.jpg,을지로철공소골목을 모티브로한 새로운 컨셉의 술집(포차)
7,가마치통닭 서울고대점,안암오거리,7,./img/7.jpg,통닭의 검증을 마치다! 가마치통닭 입니다.
8,강다짐 고대점,참살이/옆살이,8,./img/8.jpg,참살이 삼각김밥
9,거거다황먼지 본점,정문,1,./img/9.jpg,
10,거품,개운사/정후,3,./img/10.jpg,
11,결찌,고대사거리,"2,3",./img/11.jpg,직접 일주일간 시즈닝 후 훈연조리한 수제베이컨과 8시간이상 훈연조리한 풀드포크로 이루어진 플래터와 다양한 매력적인 안주가 있는 정성이 있는 무국적술집입니다.
12,고고인디안쿠진,참살이/옆살이,5,./img/12.jpg,인도 커리
13,고기듬뿍미트박스,법대후문,9,./img/13.jpg,
14,고대로찌개집,정문,0,./img/14.jpg,"""매일 신선하고 품질 높은 재료를 사용하고 마장동에서 직접 공수한 생고기를 아낌없이 사용하고 칼칼하고 시원한 김치찌개를 제공합니다. 맛 뿐만 아니라 편안한 분위기와 친절한 서비스로 가족,친구, 동료와 함께 편안한 식사를 즐길수 있도록 최선을 다하겠습니다"""
15,고대루반점,안암오거리,1,./img/15.jpg,가성비가 좋은 것으로 인기 있는 중식당입니다. 
16,고대멸치국수,고대사거리,"0,8",./img/16.jpg,시원한 국물의 고대멸치국수! 잔치국수 비빔국수 열무국수 떡볶이 김밥 떡만두국 쫄면. 부담 없이 오셔서 맛있는 국수 김밥 떡볶이 드셔 보십시오!
17,고대사랑,정문,0,./img/17.jpg,"""서울 동대문구 제기동 고려대학교 안암캠퍼스 앞골목에 자리한 식당 고대사랑입니다. 새벽부터 운영하여 아침식사를 할 수 있습니다. 곰탕, 닭곰탕, 설렁탕, 김치찌개, 제육볶음, 삼겹살, 백반 등 다양한 메뉴를 판매하고 있습니다."""
18,고대생선구이,참살이/옆살이,0,./img/18.jpg,다양한 생선요리
19,고대서서갈비,참살이/옆살이,9,./img/19.jpg,안암 소갈비 전문점
20,고대인의 먹거리집,참살이/옆살이,0,./img/20.jpg,머릿고기 오소리감투 수육 내장 국밥
21,고래돈가스 고대점,정문,11,./img/21.jpg,
22,고려대학교 교우회관 학생식당,법대후문,0,./img/22.jpg,
23,고려성,안암오거리,1,./img/23.jpg,연중 무휴 안암동 100석 중식당. 성북구 안암동에 위치한 고려대학교 대표 중화요리 중식 전문점 고려성입니다.
24,고른햇살,개운사/정후,8,./img/24.jpg,치즈라볶이와 참치김밥이 맛있는곳
25,고씨네 고려대점,정문,"5,10",./img/25.jpg,"""고대 맛집 고씨네 카레 입니다 고려대 학생들 뿐만 아니라 주변 거주민들, 유동인구에게도 인기가 좋은 무한리필식 카레 체인점이니 언제든 부담없이 찾아주세요 ^^"""
26,고품콩,참살이/옆살이,9,./img/26.jpg,맛있는 고기와 특유의 콩나물 무침 및 차돌소스
27,골드케밥,참살이/옆살이,5,./img/27.jpg,옆살이 터키음식전문점
28,골목집,참살이/옆살이,3,./img/28.jpg,민속주점같은 외관과 분위기의 주점
29,곰이네국밥집,고대사거리,0,./img/29.jpg,가성비가 좋은 것으로 인기 있는 국밥 전문점입니다. 
30,공차,참살이/옆살이,4,./img/30.jpg,공차 고대 안암점
31,광동수산조개구이,법대후문,12,./img/31.jpg,
32,광주식당감자탕,정문,0,./img/32.jpg,"""안녕하세요, 광주식당입니다. 정갈한 맛과 정성스런 상차림, 최고의 서비스로 모시는 광주식당, 맛 집의 대명사. 광주식당은 감자탕의 화려한 맛에 더해 넓은 주차장과 품위 있고 아늑한 실내 인테리어에 넉넉한 인심까지. 광주식당은 우리의 입맛과 눈길, 마음을 사로잡기에 충분합니다. """
33,교촌치킨 안암점,고대사거리,7,./img/33.jpg,"Real Flavor, True Story. 우리의 정직한 이야기가 담긴, 정직한 맛을 소비자에게 전달하겠다는 이 슬로건은 교촌치킨이 지키고 이끌어나가야 할 약속입니다."
34,구식냉삼식당,참살이/옆살이,9,./img/34.jpg,당일 도축 /당일 생산된 생삼겹살 중 지방과 고기 비율이 골고루 퍼져 있는 것만 선별하여 급냉시켜 판매하고 있습니다.
35,국밥대학,정문,0,./img/35.jpg,"""국밥대학은 호주산 프리미엄 순혈와규를 사용해 소고기국밥을 만들고 있습니다!"""
36,국수랑,법대후문,0,./img/36.jpg,
37,국수먹는꼴뚜기,참살이/옆살이,0,./img/37.jpg,40여년간 한결같이 고대인의 입맛을 사로잡은 꼴뚜기집
38,국수사랑,정문,"8, 0",./img/38.jpg,"""따뜻한 집밥의 느낌으로 건강하고, 정성스럽게 음식을 준비합니다."""
39,근처식당,법대후문,5,./img/39.jpg,"""종암동 동남아 요리 맛집 근처식당"""
40,금복식당,정문,0,./img/40.jpg,"""최고의 맛과 기대이상의 양을 자랑하는 금복찌개, 제육볶음, 순두부찌개, 부대찌개 꼭 드셔보세요.밥 추가는 무료! 직접 양만큼 떠드시면 됩니다. 단, 1인 1메뉴 원칙!!^^"""
41,김가네 안암점,안암오거리,8,./img/41.jpg,음식이 맛있는 것으로 인기 있는 분식집입니다. 
42,김가네왕족발,고대사거리,0,./img/42.jpg,안녕하세요. 저희 가게를 이용해주셔서 감사합니다. 고객님께 최고의 맛을 제공하기 위해 노력하여 항상 맛있는 음식과 정성을 다한 서비스로 만족드리도록 최선을 다하겠습니다.
43,김밥천국 안암역점,개운사/정후,7,./img/43.jpg,
44,김밥천국 안암점,참살이/옆살이,8,./img/44.jpg,가성비가 좋은 것으로 인기 있는 분식집입니다. 
45,까페J,개운사/정후,4,./img/45.jpg,안암동 아늑한 구석에 자리한 cafe J입니다.
46,꼬꼬아찌,참살이/옆살이,"3,7",./img/46.jpg,안암 숯불치킨요리 전문점
47,꼬이치킨,안암오거리,7,./img/47.jpg,맛있는 치킨을 먹을 수 있는 곳입니다
48,꽌부이,개운사/정후,5,./img/48.jpg,리우 분보 싸오 맛집
49,꿀삐닭강정 안암점,고대병원,7,./img/49.jpg,고대병원 인근에 위치하는 닭강정 전문점입니다. 
50,끄트머리집 안암점,참살이/옆살이,0,./img/50.jpg,끄트머리집 이전오픈 하였습니다! 브레이크타임 없습니다 ^^ 혼밥 환영합니다!
51,나그네파전,참살이/옆살이,0,./img/51.jpg,파전과 막걸리
52,남이네 분식,참살이/옆살이,8,./img/52.jpg,옆살이 분식집
53,내가찜한닭,참살이/옆살이,0,./img/53.jpg,참살이 찜닭 전문
54,넘버85,참살이/옆살이,1,./img/54.jpg,뒷살이길 중식당
55,노랑통닭,참살이/옆살이,"3,7",./img/55.jpg,노랑통닭 고대점
56,노브랜드버거 안암점,참살이/옆살이,12,./img/56.jpg,노브랜드버거 고려대점입니다.
57,늑대식당,참살이/옆살이,9,./img/57.jpg,안암 숯불 화로 구이 전문점 늑대식당
58,"늘,안암",참살이/옆살이,3,./img/58.jpg,늘 한결같은 맛과 서비스를 제공하는 안암동 대표 한식주점.
59,늘보라멘,법대후문,10,./img/59.jpg,"""주차불가"""
60,니뽕내뽕,참살이/옆살이,1,./img/60.jpg,참살이 크림짬뽕
61,다돈참숯화로구이,안암오거리,9,./img/61.jpg,가성비가 좋은 것으로 인기 있는 돼지고기 구이 전문점입니다. 
62,다손김밥,정문,8,./img/62.jpg,
63,달링스테이크 고려대가족점,개운사/정후,2,./img/63.jpg,강남의 핫플레이스가 드디어 고려대에 상륙!! 우리는 맛있는음식 먹을 자격있어!!
64,달밝은집,법대후문,9,./img/64.jpg,"""백반기행 서울 정릉편에 나온 예약제 정릉맛집"""
65,달콤퐁당 고대점,정문,4,./img/65.jpg,
66,닭한마리호정,고대사거리,0,./img/66.jpg,같은 자리에서 13년간 직접 개발 및 연구한 한방 닭한마리 입니다
67,대나무정원,안암오거리,3,./img/67.jpg,도심속에 대나무를 기반으로 주택을 개조한 감성 술집
68,대디제이,참살이/옆살이,3,./img/68.jpg,밴드 대관 공연이 가능한 바
69,대부라멘,참살이/옆살이,10,./img/69.jpg,안암 라멘전문점
70,대성집,고대사거리,0,./img/70.jpg,고려대학교 인근 골목에 자리 잡은 닭발 구이 전문점입니다. 
71,대즐링,고대사거리,4,./img/71.jpg,안녕하세요 대즐링입니다! 1인 매장이다보니 전화를 못받는경우가 많습니다ㅠㅠ! 문의사항은 인스타 다렉이나 문자를 이용해주세요!
72,더 씨,개운사/정후,1,./img/72.jpg,다양한 가격대의 코스요리와 단품요리 그리고 맛있는 식사등으로 고객여러분을 만족시켜드리고자 최선의 노력을 다하고 있습니다.
73,더벤티,참살이/옆살이,4,./img/73.jpg,더벤티 고대점
74,더테이블,법대후문,2,./img/74.jpg,"""고려대 근처 훌륭한 이탈리아 음식을 선사하는 레스토랑입니다."""
75,더퍼스트펭귄,참살이/옆살이,4,./img/75.jpg,집중하기 좋은 조용한 카페
76,도미노피자 고대점,안암오거리,6,./img/76.jpg,"드라이빙 픽업 매장. 미리 주문하고 차에서 받는 드라이빙 픽업 서비스. 완벽한한끼, Life Food Domino's"
77,돈가네밥상,참살이/옆살이,0,./img/77.jpg,1인보쌈&족발&삼겹살
78,돈까스 발전소,참살이/옆살이,11,./img/78.jpg,돈까스
79,동네,개운사/정후,0,./img/79.jpg,
80,동대문엽기떡볶이 고려대점,정문,8,./img/80.jpg,"""동대문 엽기떡볶이 고려대점입니다. 항상 청결하고 정성스러운 음식으로 고객님께 최선을 다하겠습니다."""
81,동동 냉면 돈까스,개운사/정후,11,./img/81.jpg,"저희 매장은 칡냉면,돈까스,칼국수 전문점 입니다"
82,동우설렁탕,개운사/정후,0,./img/82.jpg,성신여대에서 종암동으로 옮겨간 동우설렁탕
83,돼야지,참살이/옆살이,9,./img/83.jpg,얼리지 않은 생고기를 숯불에 초벌하여 김치와 버섯등을 함께 숯판에 구워 먹는 안암동의 고기집 입니다.
84,두근두근 튀김꼬치,정문,"1,3",./img/84.jpg,"""전통 중국식 튀김꼬치집입니다. 수제꼬치만 팔아요 . 그외에 여러가지 간식도 있습니다. 야식을 땡기면 꼬치를 먹자!"""
85,두꺼비로멘스,참살이/옆살이,3,./img/85.jpg,모던하게 깔끔한 인테리어와 맛 좋고 1만원대 초반에 가성비 좋은 안주
86,등촌샤브칼국수,개운사/정후,"0, 5",./img/86.jpg,
87,디어브레드 고대점,개운사/정후,4,./img/87.jpg,고대 유명한 빵집
88,따뜻한하루에,참살이/옆살이,4,./img/88.jpg,"비건 베이커리와 티, 커피를 함께 즐기실 수 있는 카페입니다."
89,또또치킨호프,법대후문,7,./img/89.jpg,"""술 좋아하는 사장님이 운영하는 믿을 수 있는 치킨 집 :)"""
90,또래끼리 고대점,개운사/정후,0,./img/90.jpg,안녕하세요. 또래끼리 고대점 입니다.
91,뚜레쥬르 종암점,법대후문,4,./img/91.jpg,
92,뚝닭,정문,"0,7",./img/92.jpg,"""고려대 밥약의 성지, 뚝닭이 매장이전을 준비 중 입니다.2024년 1월 새로운 매장에서 뵙겠습니다."""
93,뜨락,참살이/옆살이,3,./img/93.jpg,30년 주방경력을 바탕으로 한 퓨전요리주점
94,라떼킹 안암오거리점,안암오거리,4,./img/94.jpg,안녕하세요. 라떼킹 안암점입니다
95,라비다 바,참살이/옆살이,3,./img/95.jpg,옆살이에 위치한 Bar
96,레드컵스떡볶이&컵닭,참살이/옆살이,8,./img/96.jpg,가성비가 좋은 것으로 인기 있는 분식집입니다. 
97,레디컬브루잉클럽,정문,4,./img/97.jpg,"""고려대 정문 골목 작은 카페입니다. 각자의 취향에 맞는 커피를 즐길 수 있는 공간입니다."""
98,류,정문,0,./img/98.jpg,"""고려대학교 정문, 고려대역 6번 출구 근처에 위치한한식 집밥 및 주류 판매 식당 '밥이랑 고기랑'입니다:) 건강하고 맛있는 집밥과 고기, 그리고 다양한 술 안주와 주류를 제공해 드리고 있습니다. 숨겨진 맛집으로 고려대학생들 사이에서 소문 난 '안암 맛집'입니다. 항상 건강하고 맛있는 음식을 제공해 드리겠습니다."""
99,마드리짬뽕,안암오거리,1,./img/99.jpg,아침마다 직접 장봐서 신선하고 깨끗하게 준비하고 있어요. 찾아주시면 맛있는 한끼 드시고 가실수 있도록 항상 노력하겠습니다~!
100,마르니,개운사/정후,3,./img/100.jpg,
101,마시그래이,참살이/옆살이,4,./img/101.jpg,이공대 정문 카페
102,마이버터드림,고대병원,4,./img/102.jpg,케이크 클래스를 운영 중입니다.
103,마카나이,참살이/옆살이,10,./img/103.jpg,매운돈코츠 라멘 / 차슈 덮밥 / 일본카레가 맛있는 마카나이!
104,막걸리집,참살이/옆살이,3,./img/104.jpg,"파전, 막걸리 전문점"
105,막걸리찬가,참살이/옆살이,3,./img/105.jpg,푸짐하고 맛있는 안주가 가득한 전주식 막걸리집!
106,만리향 안암동2가,고대병원,1,./img/106.jpg,"세트메뉴 식사 변경 가능 2그릇이상 주문시 카드결제가능 (주문시 꼭 미리 말씀해주세요) 쿠폰제실시,꿈나무카드가맹점"
107,만복식당,개운사/정후,"0,9",./img/107.jpg,만복식당은 맛과 건강을 위해 친환경 삼겹살을 제공해드리고있습니다.
108,맘스터치 고대타이거프라자점,개운사/정후,12,./img/108.jpg,
109,맛식당연어랑,법대후문,10,./img/109.jpg,"""숭례초 정문앞 10미터"""
110,맥도날드 안암점,참살이/옆살이,12,./img/110.jpg,맥도날드 안암점 (24시간)
111,메가MGC커피 고대점,개운사/정후,4,./img/111.jpg,
112,메가MGC커피 고대정문점,정문,4,./img/112.jpg,
113,메이븐커피,법대후문,4,./img/113.jpg,"""안녕하세요 종암동에위치한 메이븐 커피입니다"""
114,메이크미해피,참살이/옆살이,4,./img/114.jpg,직접 굽는 시트와 동물성 크림을 사용합니다
115,멘부리 고대본점,고대사거리,10,./img/115.jpg,안녕하세요. 멘부리 고대본점 입니다.
116,모이리타,참살이/옆살이,2,./img/116.jpg,양식 파스타
117,모퉁이,참살이/옆살이,0,./img/117.jpg,"항정살덮밥, 큐브스테이크덮밥, 치킨마요덮밥, 안동찜닭덮밥 등 다양한 덮밥"
118,몬스터포 성북점,고대병원,5,./img/118.jpg,베트남쌀국수 몬스터Pho 성북점. 감동드리는 몬스터. 몬스터포성북점입니다.
119,묘한객잔,참살이/옆살이,3,./img/119.jpg,안암 중국식 퓨전 술집
120,무등산참숯갈비,개운사/정후,9,./img/120.jpg,1.16년 전통의 갈비집! 2. 최고급 한우와 정갈한 음식! 3. 숯불에 구운 진짜 고기맛집!
121,무르무르드구스토,참살이/옆살이,2,./img/121.jpg,올해로 오픈 10주년을 맞은 내공있는 성북구 대표 양식당 입니다
122,무아국수집,법대후문,0,./img/122.jpg,
123,무화,정문,10,./img/123.jpg,"""삿포로식 생양갈비-프렌치랙.숄더랙, 양특수부위 . 일본 가정식"""
124,묵치빠,고대사거리,0,./img/124.jpg,모든 재료는 국내산을 사용하고 있습니다.
125,미가박당,참살이/옆살이,0,./img/125.jpg,파전/칼국수 전문점
126,미뇽 브런치,고대사거리,2,./img/126.jpg,미뇽은 편안한 분위기와 정성가득한 음식을 제공하는 로컬식당이 되기 위해 항상 노력하고 있습니다.
127,미분당 고대안암점,참살이/옆살이,5,./img/127.jpg,베트남 쌀국수 전문점 '미분당(米粉堂)' 고대안암점 입니다.
128,미스터국밥,참살이/옆살이,0,./img/128.jpg,한식 국밥
129,미스터왕시즌2,안암오거리,1,./img/129.jpg,다양한 중식 코스 요리를 판매하는 중식당입니다. 
130,미식본좌,정문,0,./img/130.jpg,"""SBS 백종원의 골목식당 194~198회 출연. 토마토치즈고기덮밥, 따그면, 크래미유부초밥이 소개된 바로 그 집!"""
131,미쳐버린파닭 고대점,안암오거리,7,./img/131.jpg,"영업시간: 11:00 에서 03:00 까지. 배달최소금액: 13,000원"
132,밀플랜비 고려대점,개운사/정후,12,./img/132.jpg,"저렴한 비용으로 한 끼를 배불리 채워야 할 때! 햄버거,치킨,피자는 질릴 때! 아침,점심,저녁,야식으로 입이 궁금할 때!"
133,바:라라 라디오,참살이/옆살이,3,./img/133.jpg,전통주를 메인으로 안주를 하지 않는 클래식 바입니다.
134,바다가내손아귀 안암점,고대병원,0,./img/134.jpg,찜요리 점문점입니다.
135,박가네뼈다귀해장국,안암오거리,0,./img/135.jpg,FM으로 인사드립니다! 안녕! 안녕! 안녕하십니까!! 친절~맛집! 20년~전통! 뼈다귀~전문! 안암 오거리에서 해장을 맡고있는! 박! 가! 뼈! 다! 귀! 입니다!
136,박군포차,참살이/옆살이,3,./img/136.jpg,안암역3번출구에서 우칙 일방통행길로 내려오시면 됩니다
137,반미362 고대안암점,개운사/정후,5,./img/137.jpg,안녕하세요 반미362 고대안암점 입니다~
138,반이학생 마라탕마라반,참살이/옆살이,1,./img/138.jpg,참살이 마라탕
139,밥이랑고기랑,정문,0,./img/139.jpg,
140,백미향마라탕 고대점,정문,1,./img/140.jpg,"""성신여대 본점 인기에 힘입어 고대점을 오픈하게 되었습니다.중국 현지 맛, 그 이상의 맛을 느낄 수 있는 고려대 마라탕, 마라샹궈 맛집입니다. 매운맛 정도를 선택할 수 있으며, 신선한 재료를 취향대로 골라서 드실 수 있는 고객을 위한 맞춤형 마라탕을 맛볼 수 있습니다"""
141,백소정 안암본점,개운사/정후,"10,11",./img/141.jpg,"백번을 먹어도 정성스럽고 푸짐한 음식에 즐겁게 머물다 갈 수 있는 곳, 백소정 안암본점입니다."
142,백호카츠,개운사/정후,11,./img/142.jpg,최상급의 도드람 한돈을 사용하고 기호에 따라 골라 먹을 수 있는 수제돈까스 전문점입니다.
143,버거킹 안암오거리점,안암오거리,12,./img/143.jpg,혼밥하기 좋은 것으로 인기 있는 햄버거 전문점입니다. 
144,버블티킹고대점,참살이/옆살이,4,./img/144.jpg,대만정통방식의 버블티 전문점
145,베나레스 본점,참살이/옆살이,5,./img/145.jpg,인도 전통음식 전문점 베나레스 입니다.
146,병천순대,참살이/옆살이,0,./img/146.jpg,"고려대 근처 참살이길, 안암 오거리 근처에 위치한 30년 전통 한방 토종순대입니다."
147,보리밥바지락칼국수,법대후문,0,./img/147.jpg,
148,본도시락 고려대점,안암오거리,0,./img/148.jpg,안녕하세요. 본도시락 고려대점입니다.
149,본샤브칼국수,참살이/옆살이,0,./img/149.jpg,참살이 칼국수 전문점
150,본우리반상 고대안암병원점,고대병원,0,./img/150.jpg,본우리반상은 팔도지역의 우리 음식을 전통 반상에 담아 편안하게 서로의 이야기를 나눌 수 있는 공간을 제공하는 우리나라 대표 한식 브랜드입니다.
151,본죽&비빔밥cafe,참살이/옆살이,0,./img/151.jpg,본죽 고려대점입니다.
152,봉구가래떡볶이 고대점,참살이/옆살이,8,./img/152.jpg,안녕하세요 봉구가래떡볶이 고대점입니다.
153,봉구스밥버거 고려대점,개운사/정후,0,./img/153.jpg,"봉구스 밥버거에서 가장 큰 규모의 실내를 가지고 있으며, 맛도 또한 일품입니다."
154,봉추찜닭,참살이/옆살이,0,./img/154.jpg,봉추찜닭은 안동찜닭의 원조 브랜드입니다.
155,부부바지락손칼국수,안암오거리,0,./img/155.jpg,가성비가 좋은 것으로 인기 있는 칼국수 전문점입니다. 
156,북경양꼬치,참살이/옆살이,1,./img/156.jpg,참살이 양꼬치전문점
157,비나레스토랑,정문,5,./img/157.jpg,"""다양한 인도 요리와 함께 커리를 맛볼 수 있는 인도커리 전문점입니다. 셰프와 직원까지도 모두 인도 현지인들이라고 하는며 인도에서 직접 공수한 소품들과 인도 노래를 들을 수 있지요."""
158,비양지식당,고대병원,0,./img/158.jpg,부대찌개/김치찌개가 인기 있는 식당입니다. 
159,비에르에프리트,정문,3,./img/159.jpg,
160,비테라스 고대점,참살이/옆살이,3,./img/160.jpg,낮에는 카페 메뉴로 이용가능하며 저녁부터는 펍으로 운영
161,빈올로지,안암오거리,4,./img/161.jpg,콜드브루가 인기 있는 안암오거리 인근 카페입니다.
162,빈트리20025 고대점,개운사/정후,4,./img/162.jpg,안녕하세요. 빈트리20025고대점 입니다.
163,빽다방 안암역점,개운사/정후,4,./img/163.jpg,
164,빽보이피자,참살이/옆살이,6,./img/164.jpg,백종원의 빽보이피자 고대안암점입니다.
165,산시면가,참살이/옆살이,1,./img/165.jpg,"한중식 뷔페 전문점입니다. 12가지 중국 요리, 만터우, 빠오즈, 국 등 요리 제공하고 있습니다."
166,산적,참살이/옆살이,9,./img/166.jpg,안암 가성비 좋은 우삼겹 전문점
167,삼성웰스토리 고려대학교신의학관,고대병원,0,./img/167.jpg,매일 새로운 맛과 건강을 선사하는 활력발상지
168,삼성통닭 본점,참살이/옆살이,7,./img/168.jpg,1980년부터 영업해 온 치킨 전문점입니다. 철판 위에 양념이 지글지글 끓는 상태로 나오는 마늘 치킨과 마늘이 함께 구워져 나오는 전기구이 통닭이 이 집의 인기 메뉴이지요. 
169,삼청당 고대안암점,참살이/옆살이,8,./img/169.jpg,"건강한 분식을 추구하는, 좋은재료만을 고집하여 조리하는 삼청당입니다!"
170,삼통치킨 본점,참살이/옆살이,7,./img/170.jpg,27년 이상 고대인의 명물로 사랑 받으며 성장해온 삼성통닭의 글로벌 체인브랜드 입니다.
171,샌디앤샐리,정문,4,./img/171.jpg,"""신선한 샐러드와 맛있는 샌드위치를 다양한 음료와 함께 하세요."""
172,샐러드박스,참살이/옆살이,4,./img/172.jpg,맛과 영양이 풍부한 샐러드를 주문 즉시 조리하여 제공하는 국내 샐러드 전문 프랜차이
173,서병장대김이병 고대이공대점,안암오거리,0,./img/173.jpg,각종 사리를 넣어 먹는 부대볶음이 인기인 곳입니다. 대표메뉴인 서병장의 부대볶음은 부대찌개 스타일의 햄과 야채를 국물이 거의 없도록 자작하게 볶아서 즐기는 메뉴입니다. 
174,서울식당,정문,0,./img/174.jpg,"""가정식백반 잘하는 고려대앞 식당"""
175,서울쌈냉면,개운사/정후,0,./img/175.jpg,고기가 나오는 가성비 좋은 냉면집
176,석이네 스시초밥집,참살이/옆살이,10,./img/176.jpg,뒷살이길 초밥
177,소담,고대사거리,0,./img/177.jpg,정갈한 혼밥 위주의 한식당 입니다.
178,소문난의정부부대찌개 고대점,정문,0,./img/178.jpg,"""2년차 고대앞 부대찌개 전문점 부부가 운영하는 소문난의정부부대찌개 고대점"""
179,소바공방 더큰도시락 고려대점,개운사/정후,11,./img/179.jpg,대한민국의 중심 고려대학교 내에 소바공방 더큰도시락이 입점했습니다.
180,수저가,참살이/옆살이,1,./img/180.jpg,안암 차돌짬뽕이 맛있는 곳
181,수제한방 고대왕족,정문,0,./img/181.jpg,"""업장내 모든 음식은 족장이 직접!!!! 카라멜 색소가 아닌 순수 한약재만을 원료로 100% 국내산 최고의 수제 족발만을 고집합니다..."""
182,수한사우손두부,법대후문,0,./img/182.jpg,
183,숭례식당,법대후문,0,./img/183.jpg,
184,쉐프의 생 안심탕수육 고대안암점,참살이/옆살이,1,./img/184.jpg,탕수육을 대표 메뉴로 판매하는 배달 전문점입니다.
185,스시진,안암오거리,10,./img/185.jpg,성북구에서 스시가 맛있기로 소문난 곳. 적당한 가격에 질좋고 맛있는 스시를 먹을 수 있다. 특히 비리지 않은 연어스시가 유명하며 매콤한 회덮밥도 별미이다.
186,스타벅스 고대안암병원점,고대병원,4,./img/186.jpg,주차 불가
187,스타벅스 고대점,참살이/옆살이,4,./img/187.jpg,스타벅스 고대점
188,스타벅스 종암DT점,법대후문,4,./img/188.jpg,"""식약처 인증 위생등급 매우우수 음식점"""
189,시그널,참살이/옆살이,3,./img/189.jpg,탈 안암을 꿈꾸는 무근본 다이닝 펍.
190,식구,법대후문,0,./img/190.jpg,
191,신룽푸마라탕 고대점,참살이/옆살이,1,./img/191.jpg,내 맘대로 골라 먹는 재미가 있는 신룽푸 마라탕
192,신의주부대찌개 안암점,안암오거리,0,./img/192.jpg,가성비가 좋은 것으로 인기 있는 부대찌개 전문점입니다. 
193,신의주순대와쭈꾸미 고대안암점,개운사/정후,0,./img/193.jpg,
194,심야식당 호랑이,참살이/옆살이,3,./img/194.jpg,음식이 정말 맛있는 고려대 유망술집 심야식당 호랑이
195,써니사이드커피,개운사/정후,4,./img/195.jpg,크림브륄레 라떼 먹으러갔다가 사이폰커피
196,써브웨이,참살이/옆살이,2,./img/196.jpg,써브웨이 고려대점
197,썬더치킨 고대점,개운사/정후,"6,7",./img/197.jpg,안녕하세요. 썬더치킨 고대점 입니다.
198,아마스빈 고대안암점,개운사/정후,4,./img/198.jpg,
199,아미가,법대후문,0,./img/199.jpg,
200,아임빈,개운사/정후,4,./img/200.jpg,안녕하세요. 아임빈 안암점 입니다. 자주 이용해주세요.
201,아침바다,법대후문,0,./img/201.jpg,
202,안돈48,참살이/옆살이,11,./img/202.jpg,트러플 오일과 소금을 곁들인 현대식 일식 수제돈카츠 전문점 안돈48입니다
203,안암 진 육개장&닭개장,안암오거리,0,./img/203.jpg,안암오거리 인근 육개장 전문점입니다. 
204,안암고깃집공간,참살이/옆살이,9,./img/204.jpg,"최상급 숙성 ++A한우, +A한돈 전문점입니다."
205,안암꼬치,참살이/옆살이,3,./img/205.jpg,레몬 소주가 맛있는 닭구이/꼬치 전문점
206,안암동닭한마리칼국수,안암오거리,0,./img/206.jpg,친절한 것으로 인기 있는 닭칼국수 전문점입니다. 
207,안암아줌마치킨,참살이/옆살이,"3,7",./img/207.jpg,안암아줌마치킨 고대점입니다.
208,안암필,참살이/옆살이,4,./img/208.jpg,"분위기 좋은 스콘,베이글 샌드위치 맛집 '안암필' 입니다"
209,알래스카에서 온 연어가 맛있는 집,정문,"0, 10",./img/209.jpg,
210,앤드모어,법대후문,4,./img/210.jpg,"""서울특별시 성북구 종암동 위치, 디저트, 샌드위치, 셀러드, 음료, 맥주 등 메뉴 소개."""
211,야마토텐동,참살이/옆살이,10,./img/211.jpg,30일간 숙성한 텐동소스가 맛있는 텐동집
212,양자설렁탕,법대후문,0,./img/212.jpg,
213,언니네반점,개운사/정후,1,./img/213.jpg,중국 가정식 전문점 청결하고 엄마가 직접해준 집밥 같은 매일 먹어도 질리지 않은 맛집
214,언더 하이볼,참살이/옆살이,3,./img/214.jpg,가볍게 즐기는 퓨전 주점
215,역전우동0410,참살이/옆살이,10,./img/215.jpg,mz세대가 선택한 역전우동!!
216,역전할머니맥주 서울고대점,참살이/옆살이,3,./img/216.jpg,역전할머니맥주 고대점입니다.
217,연어사랑,정문,"0, 10",./img/217.jpg,
218,연한담,정문,0,./img/218.jpg,""" 복과 은혜의 상징 제비, 그들이 한가로이 모여 이야기를 나누고 쉬어가는 곳 연한 입니다."" "
219,영철스토리펌,안암오거리,12,./img/219.jpg,영철버거는 안암동 이공대 앞에 위치한 23년 전통의 수제햄버거 전문점입니다. 
220,옐로우피자 안암점,정문,6,./img/220.jpg,"""안녕하세요. 옐로우피자입니다. 저희는 2012년 론칭한 브랜드로 COOL한 당신에게 HOT한 피자로 보답해드립니다!"""
221,오거리술집,참살이/옆살이,3,./img/221.jpg,안암역 안암오거리의 오거리술집 입니다 쾌적한 분위기 170석 단체석 완비
222,오늘은면발땡기는날,정문,1,./img/222.jpg,"""고려대역 인근에서 영업하고 있는 중식당입니다. 수타로 뽑은 면을 사용하는 것으로 유명해진 곳이라서 자장면이 이 집을 대표하는 메뉴로 자리 잡았는데요, 그 외에도 짬뽕, 탕수육 등의 중식 메뉴를 만날 수 있지요."""
223,오마카세 오사이초밥,법대후문,10,./img/223.jpg,"""고대맛집 오마카세 오사이초밥 고려대역점은 오마카세 입문으로 좋은, 최고의 가성비 오마카세 스시야를 추구합니다. 수 많은 경험과 경력을 지닌 일식 셰프가 조용하고 아담한 다찌 구조의 오마카세 스시야에서 손님을 정성껏 대접합니다."""
224,오바케돈부리,안암오거리,10,./img/224.jpg,혼밥하기 좋은 것으로 인기 있는 일식당입니다. 
225,오박사네돈까스,법대후문,11,./img/225.jpg,undefined
226,오봉집 고려대점,개운사/정후,0,./img/226.jpg,저희는 안암동 최고의 낙지/보쌈 맛집입니다. 믿고 방문해주신다면 맛으로 보답 하겠습니다.
227,오브,고대사거리,4,./img/227.jpg,제기동 카페 오브입니다
228,오샬 안암본점,참살이/옆살이,5,./img/228.jpg,2008년도에 오픈한 영국식 인도 커리 전문식당으로써 외국인 현지 쉐프가 직접 요리하는 안암동 터줏대감 음식점 입니다.
229,오성식당,안암오거리,0,./img/229.jpg,주인장이 직접 만든 수제 소스로 음식을 만듭니다
230,옥당골,법대후문,0,./img/230.jpg,
231,옥두헌손두부,개운사/정후,0,./img/231.jpg,
232,와플앨리 ,참살이/옆살이,4,./img/232.jpg,뒷살이길 와플앨리
233,와플앨리 이공대점,참살이/옆살이,4,./img/233.jpg,직접 로스팅한 원두와 벨기에 와플. 수제 젤라또가 있는 자리마다 콘센트가 있는 카페입니다.
234,와플앨리 정경대점,개운사/정후,4,./img/234.jpg,
235,왕빈대떡삼파전,참살이/옆살이,"0,3",./img/235.jpg,참살이 전/빈대떡
236,용두동 엽기쭈꾸미,고대사거리,0,./img/236.jpg,용두동 엽기 쭈꾸미
237,용초수,개운사/정후,1,./img/237.jpg,메뉴 추천 소고기면 사천 매운면 호남 볶음밥
238,우리식당,법대후문,0,./img/238.jpg,
239,우승식당,안암오거리,0,./img/239.jpg,안암동(고려대 맛집) 볶음요리 전문점
240,우정초밥,법대후문,10,./img/240.jpg,"""100% 예약제로 운영되고 있습니다 예약은 캐치테이블에서 진행하고 있습니닷"""
241,웃돌목 순대국/소머리국밥,정문,0,./img/241.jpg,"""저희 업소에서는 납품 받는 육수가 아닌, 주인이 정성껏 가마솥으로 24시간 끓인 육수를 사용한 건강한 국밥으로 손님 여러분을 맞이합니다!"""
242,원이자카야,참살이/옆살이,3,./img/242.jpg,옆살이 이자카야
243,원진노기순청국장,안암오거리,0,./img/243.jpg,안암오거리 인근 청국장 전문점입니다. 
244,유자유김치떡볶이 본점,참살이/옆살이,"0,3",./img/244.jpg,안암 김치떡볶이 전문점
245,유정,법대후문,0,./img/245.jpg,
246,육쌈냉면 고대점,참살이/옆살이,0,./img/246.jpg,숯불고기와 냉면 전문점
247,이가네황소곱창,참살이/옆살이,9,./img/247.jpg,안암 곱창/막창
248,이공김밥 안암본점,안암오거리,8,./img/248.jpg,서울3대김밥 참치폭탄김밥
249,이공냉면,안암오거리,0,./img/249.jpg,가성비가 좋은 것으로 인기 있는 국밥 전문점입니다.
250,이삐커피,참살이/옆살이,4,./img/250.jpg,"행복한 커피와 진한 디저트의 만남, 이삐커피"
251,이세돈가스 고려대점,개운사/정후,11,./img/251.jpg,
252,이수영피자 본점,정문,6,./img/252.jpg,
253,이화수전통육개장 안암오거리점,안암오거리,0,./img/253.jpg,안암오거리에 위치한 육개장 전문점입니다.
254,인생닭강정 고대역점,법대후문,7,./img/254.jpg,
255,인생설렁탕 고대안암역점,참살이/옆살이,0,./img/255.jpg,백종원의 인생설렁탕 고대안암점입니다.
256,일곱평,정문,2,./img/256.jpg,
257,일미리금계찜닭 고대점,정문,0,./img/257.jpg,
258,일찍여는카페,정문,4,./img/258.jpg,"""편하게 쉴 수 있는, 추억을 남길 수 있는 일찍여는카페 early cafe입니다."""
259,자스민,법대후문,1,./img/259.jpg,"""매장으로 전화주문시 매장가격과 동일합니다 (배달팁 별도) 배달은 브레이크타임 없습니다"""
260,장위동유성집 고대점,참살이/옆살이,9,./img/260.jpg,40년 전통 참숯구이 한우 등심 전문
261,전주완산골,참살이/옆살이,0,./img/261.jpg,고대병원 맞은편 한식전문접
262,정다래함박스텍 안암점,안암오거리,2,./img/262.jpg,안암오거리 인근 함박스테이크 전문점입니다.
263,제기집,고대사거리,0,./img/263.jpg,"제기시장 닭발 골목에 위치한 오돌뼈와 닭똥집, 닭발이 맛있는 곳. 저렴한 가격으로 푸짐한 양의 술안주를 맛볼 수 있다."
264,제육천재 성북점,법대후문,0,./img/264.jpg,
265,제주고깃집,안암오거리,9,./img/265.jpg,제주고깃집은 제주도 청정지역에서 자란 명품 제주고기를 최고의 맛으로 즐길 수 있는 곳입니다.
266,조개베네 고대점,정문,0,./img/266.jpg,"""고대 주변에서 조개구이와 조개찜으로 소문난 맛집. 항상 사람이 많아서 자리가 없을 정도이다. 직접 만든 특제소스에 조개를 찍어먹는다. 차돌키조개삼합도 인기메뉴이다."""
267,주유소2,개운사/정후,3,./img/267.jpg,"고대 앞 유명한 술집, 주유소 2 입니다 ^^"
268,중경식객 고려대점,참살이/옆살이,1,./img/268.jpg,고려대훠궈 중경식객 무한리필로 즐기는 훠궈 맛집
269,중국관,법대후문,1,./img/269.jpg,
270,지식을담다,참살이/옆살이,4,./img/270.jpg,안암역에 위치한 서점/카페입니다.
271,지코바치킨 고대점,정문,7,./img/271.jpg,
272,지트,참살이/옆살이,3,./img/272.jpg,"수제 미트파이와 다양한 맥주, 하이볼, 칵테일이 있는 곳!"
273,지호한방삼계탕,법대후문,0,./img/273.jpg,"""주차가능"""
274,진미식당,고대사거리,0,./img/274.jpg,약 10여가지의 반찬이 준비 된 셀프바와 추가밥 또한 셀프로 챙겨 드시면 되는 밥집 입니다~~
275,짚신매운갈비찜 고대점,참살이/옆살이,0,./img/275.jpg,안암 맛집! 매운갈비찜의 대표 짚신매운갈비찜 고대점입니다
276,짱가네돈냉면,안암오거리,"0,11",./img/276.jpg,음식이 맛있는 것으로 인기 있는 냉면/돈까스 식당입니다. 
277,쪼끼쪼끼,참살이/옆살이,3,./img/277.jpg,안암역 3번출구 삼통치킨 뒷건물 쪼끼쪼끼 입니다
278,차이윈난 쌀국수,정문,"1,5",./img/278.jpg,
279,참새방앗간분식,법대후문,8,./img/279.jpg,"""각종 야채와 멸치와 꽃게를 넣어 끓여낸 국물을 넣어 모든 요리를 조리하여 맛이 깊고 진합니다.가공된 제품외에 자체적으로 인공조미료를 사용하지 않아 깔끔한맛이 느낄수 있으며 건강한 맛,믿고 먹을수 있는 엄마의 맛을 느낄수 있습니다. 더군다나 초등학교 앞 분식이라 아이들이 믿고 먹을수 있는 음식을 만들어 주고 싶고,믿고 보낼수 있는 엄마의 마음으로 음식을 조리하고 있습니다."""
280,철남,안암오거리,0,./img/280.jpg,맛있는 한끼를 드시고 싶으신 분들에게 추천해드리고 싶습니다.
281,청년다방 고대안암점,참살이/옆살이,8,./img/281.jpg,청년다방 고대안암점
282,청담꺼멍,참살이/옆살이,9,./img/282.jpg,안암 오겹살/소고기 전문점
283,청룡분식,고대사거리,8,./img/283.jpg,가성비가 좋은 것으로 인기 있는 분식집입니다. 
284,청보리꼴,법대후문,0,./img/284.jpg,
285,청진동해장국,법대후문,0,./img/285.jpg,"""업주 감자탕 드시면 가시오가피주한병+라면사리+떡볶이+수제비 꽁짜!!"""
286,청춘우육면,정문,1,./img/286.jpg,
287,체리온 루프탑,참살이/옆살이,"3,4",./img/287.jpg,작고 아담한 카페&칵테일바입니다!
288,춘자,참살이/옆살이,3,./img/288.jpg,안암 대표 요리주점
289,춘천집,참살이/옆살이,0,./img/289.jpg,철판 닭갈비요리 전문점 춘천집 고대점
290,충주집,고대사거리,0,./img/290.jpg,닭발과 곱창이 인기 있는 고대사거리 근처 식당입니다. 
291,치즈를 사랑한 찜닭,개운사/정후,0,./img/291.jpg,찜닭
292,치즈밥있슈 고대점,정문,"0, 8",./img/292.jpg,"""치즈밥"""
293,치킨필레오 고대점,정문,7,./img/293.jpg,"""100% 국내산 닭다리살을 이용해 더욱 맛있는 치킨필레오입니다 ! 고대 최강 치킨집을 목표로 열심히 튀겨보겠습니다."""
294,치킨홀릭 종암점,법대후문,7,./img/294.jpg,
295,치폴레옹,참살이/옆살이,2,./img/295.jpg,수제맥주&치킨스테이크 전문 
296,칠기도삭면소롱포 고대점,개운사/정후,1,./img/296.jpg,
297,칠기마라탕,정문,1,./img/297.jpg,
298,카페 브레송,참살이/옆살이,4,./img/298.jpg,일상에서의 휴식을 추구하는 카페브레송입니다.
299,카페 안암동,참살이/옆살이,4,./img/299.jpg,안암 100석 규모의 브런치카페
300,카페 애일,참살이/옆살이,4,./img/300.jpg,"안암동에서 수제 마카롱, 디저트, 구움과자, 휘낭시에, 그리고 직접 로스팅 원두로 신선한 아메리카노를 드실수 있습니다."
301,카페끄망,정문,4,./img/301.jpg,"""신선한 원두를 직접 로스팅하는 고려대 카페 도란도란 이야기 나누기 좋아요"""
302,카페다니엘,고대사거리,4,./img/302.jpg,고대사거리 인근 공부하기 좋은 카페입니다. 
303,카페별채,개운사/정후,4,./img/303.jpg,안녕하세요. 카페별채 안암역점 입니다.
304,카페아띠,법대후문,4,./img/304.jpg,"""6호선 고대역 2번 출구에서 약 300M 고대법대 후문 입구에 위치."""
305,카페아이,고대사거리,4,./img/305.jpg,편안한 분위기에서 맛있는 디저트와 함께 즐거운 시간을 보낼 수 있는 카페아이입니다.
306,카페우딘,고대사거리,4,./img/306.jpg,고대사거리 인근에 위치한 조용한 카페입니다. 
307,카페파인,정문,4,./img/307.jpg,"""신선한 원두와 최상의 서비스로 모시겠습니다"""
308,커피빈 고대안암역점,개운사/정후,4,./img/308.jpg,[주차안내] 매장이용시 1시간무료 이후 시간 초과시 10분당 500원 비용 발생
309,커피수공업,고대병원,4,./img/309.jpg,커피가 맛있는 것으로 인기 있는 고대병원 인근 카페입니다.
310,컴포즈커피 고대안암역점,개운사/정후,4,./img/310.jpg,식약청 환경 매우 우수업체 선정
311,컴포즈커피 고대안암오거리점,안암오거리,4,./img/311.jpg,컴포즈커피고대안암오거리점입니다^^
312,코지코튼,법대후문,4,./img/312.jpg,"""종암동의 작은 카페 코지코튼입니다 :)"""
313,코코넛그릭요거트,개운사/정후,4,./img/313.jpg,"건강을 먹는다, 코코넛그릭요거트"
314,콩뼈숯뼈감자탕,개운사/정후,0,./img/314.jpg,안암동 밥집 속을 편안하게 해주는 감자탕
315,콩뼈숯뼈감자탕,법대후문,0,./img/315.jpg,
316,쿠마,참살이/옆살이,3,./img/316.jpg,옆살이 일본식 퓨전요리 전문점
317,쿠마키친,참살이/옆살이,10,./img/317.jpg,안암 스타벅스 맞은편 돈가스 전문점
318,쿠이도라쿠,참살이/옆살이,10,./img/318.jpg,일본 큐슈 정통 돈코츠라멘 전문점
319,퀴즈노스 고대안암병원점,고대병원,12,./img/319.jpg,미국 콜로라도 덴버에 본사를 두고 있는 퀴즈노스는 전 세계 40여개 국가에서 매장을 운영중인 Global Sandwich Cafe 입니다.
320,큰맘할매순대국 고려대점,안암오거리,0,./img/320.jpg,가성비가 좋은 것으로 인기 있는 순대국 전문점입니다. 
321,키라쿠 안암점,안암오거리,4,./img/321.jpg,안녕하세요. 키라쿠 안암점입니다. 스콘 디저트 전문 카페로 2018년부터 안암에 자리잡고 있습니다.
322,킨토토 고대점,정문,10,./img/322.jpg,"""'일본에 온 것 같은 착각을 일으키고 싶다'라는 고민에서부터 시작된 킨토토는 일본 편의점을 모티프로 누구든 편하게 방문하여 든든하게 한끼를 해결할 수 있는 캐쥬얼 일식 브랜드입니다."""
323,탄,개운사/정후,10,./img/323.jpg,안암역 2번출구우리은행 옆골목 직진 도보3분거리 7일레븐 편의점 맞은편 입니다.
324,탐관오리,참살이/옆살이,3,./img/324.jpg,안암 한식요리주점
325,태리로제떡볶이,참살이/옆살이,8,./img/325.jpg,안암 로제떡볶이
326,탱글이문어,참살이/옆살이,3,./img/326.jpg,기본 서비스 안주 무한리필되는 문어숙회 전문점
327,토로 생선구이,참살이/옆살이,0,./img/327.jpg,한식 생선구이와 알탕이 맛있는 곳
328,투썸플레이스,참살이/옆살이,4,./img/328.jpg,투썸플레이스 고대참살이길점입니다.
329,투썸플레이스 고려대법학관점,법대후문,4,./img/329.jpg,"""[주차 불가 매장] 고려대학교 내 주차가능, 주차비용은 별도로 지원되지 않습니다. - 10분 이내 무료 / 10분 초과시 10분당 500원 2시간 초과, 6시간 까지 10분당 1,000원"
330,투투티,개운사/정후,4,./img/330.jpg,고대정문 볼볼티에서 개명하고 여기로 이전해왔습니다
331,튄닥꾼닥,고대사거리,7,./img/331.jpg,튄닥vs꾼닥입니다! 말그대로 튀긴 닭 후라이드와 꾸운 닭 오븐구이를 한번에 맛 볼 수있는 가게입니다. 저렴한 가격에 만족스러운 퀄리티의 치킨과 다양한 메뉴와 안주가 있습니다. 
332,트라타,참살이/옆살이,2,./img/332.jpg,멕시칸 부리토
333,특별식당 안암점,개운사/정후,10,./img/333.jpg,특별식당'은 일본 동경에 있는 츠키지 시장에서 오야꼬동을 공부한 청년이 한국산 닭과 재료를 사용해 일본식 덮밥(돈부리)을 만들고 있습니다.
334,특별식당 제기본점,고대사거리,10,./img/334.jpg,특별식당'은 일본 동경에 있는 츠키지 시장에서 오야꼬동을 공부한 청년이 한국산 닭과 재료를 사용해 일본식 덮밥(돈부리)을 만들고 있습니다.
335,팔백집,개운사/정후,0,./img/335.jpg,쫄여먹는 물갈비 스타일을 만나실수 있는 고려대 맛집 입니다.
336,퍽앤어니언,참살이/옆살이,12,./img/336.jpg,수제버거 잘하는집.
337,펠어커피초코 고려대점,안암오거리,4,./img/337.jpg,이제껏 경험해보지 못한 나만의 신개념 커피를 원하신다면 고객님 만족을 최우선으로 하는 저희 펠어커피초코를 찾아주세요:)
338,평범식당,정문,0,./img/338.jpg,
339,포즈 카페,개운사/정후,4,./img/339.jpg,2층으로 이루어진 널찍한 공간과 새로 오픈한 깔끔한 인테리어 속 여유를 즐기러 오세요
340,포트캔커피 안암점,안암오거리,4,./img/340.jpg,진한 향을 캔속에 담다. 언제 어디서나 원두의 맛을 그대로 즐길 수 있는 포트캔커피 안암점입니다!
341,프랭크버거 안암점,참살이/옆살이,12,./img/341.jpg,프랭크버거 안암점입니다.
342,프로마치,참살이/옆살이,2,./img/342.jpg,옆살이 샌드위치
343,프로참숯구이,법대후문,9,./img/343.jpg,"""1872포차 포차에서 2021년 6월01일 프로참숯구이 로변경됐습니다."""
344,프릭타이,법대후문,5,./img/344.jpg,
345,피자스쿨 안암점,안암오거리,6,./img/345.jpg,재료가 신선한 것으로 인기 있는 피자 레스토랑입니다.
346,피자알볼로 안암돈암점,고대병원,6,./img/346.jpg,맛있는 피자를 판매하는 것으로 인기 있는 고대병원 인근 피자 가게입니다. 
347,피자플렉스 성북점,고대병원,6,./img/347.jpg,"맛 가성비 모두를 갖춘 피자스웨그!! 매주 목요일 정기휴무, 명절 및 공휴일은 정상 영업합니다!"
348,하남삼겹,참살이/옆살이,9,./img/348.jpg,가성비가 좋은 것으로 인기 있는 고깃집입니다. 
349,하다디저트카페,고대병원,4,./img/349.jpg,고소한 라떼와 달달한 디저트. 청과 디저트는 수제로 진행하고 있습니다:)
350,하오마라 고려대점,개운사/정후,1,./img/350.jpg,항상 깔끔하고 맛있는 음식을 대접하기 위해 청결과 식자재에 많은 신경을 쓰는 하오마라 고대점입니다.
351,하이헤이헬로우,정문,4,./img/351.jpg,"""고려대역 근처 과제하기 좋은 카페"""
352,한반도,참살이/옆살이,9,./img/352.jpg,안암 껍데기/삼겹살 전문점
353,한솥도시락 고대원룸촌점,개운사/정후,"0,11",./img/353.jpg,고려대학교 학교 내부 및 고려대학교병원 내부 배달가능합니다
354,한솥도시락 종암동점,법대후문,0,./img/354.jpg,"""저렴하고 질 좋은 테이크아웃 도시락 및 단체 도시락 주문 전문점 한솥도시락입니다. 영업시간 : 아침 9시 부터 저녁 9시입니다. 휴일 / 영업시간은 매장사정에 따라서 변동 될수있습니다. 단체주문은 배달해드립니다."
355,한술식당 고대점,참살이/옆살이,0,./img/355.jpg,수란이 올라가는 프리미엄 덮밥전문점
356,한식집밥,개운사/정후,0,./img/356.jpg,
357,한우팔등심,법대후문,9,./img/357.jpg,"""한우팔등심은 1++등급의 한우를 사용하며 최적의 숙성조건을 이용한 고기를 자랑합니다"""
358,한잔의추억,참살이/옆살이,3,./img/358.jpg,옆살이 요리주점
359,해마루,정문,0,./img/359.jpg,
360,해머커피로스터스,정문,4,./img/360.jpg,
361,해모타,개운사/정후,4,./img/361.jpg,
362,해적수산,고대사거리,10,./img/362.jpg,"동해바다에서 직접잡은 자연산 어,패류를 요리하는 동해자연산회센터 해적수산입니다."
363,핵밥 고대안암점,참살이/옆살이,0,./img/363.jpg,행복을 드리는 가정식 덮밥&라멘 전문점 핵밥입니다.
364,핸썸베이글 고대점,개운사/정후,4,./img/364.jpg,"직접 매장에서 만드는 수제 크림치즈.
10가지 종류의 베이글과 다양한 크림치즈의 조합"
365,행복은간장밥,참살이/옆살이,0,./img/365.jpg,행복은간장밥은 빠르고 간편하면서 건강한 음식을 제공하는 간장 소스 기반의 캐주얼 한식 브랜드입니다.
366,행운돈까스,개운사/정후,11,./img/366.jpg,
367,헤이피,고대사거리,4,./img/367.jpg,"매장에서 당일 바로 구매 가능한 홀케이크가 소량씩 준비되니, 매장으로 전화주시면 안내드리겠습니다"
368,현고대닭발 본점,고대사거리,0,./img/368.jpg,저희 현고대 닭발은 지난 1972년 제 모친께서 창업하신 이래 포장마차의 싸구려 안주로 인식되어진 닭발 요리를 한차원 높은맛과 품질로 끌어 올렸으며 현재도 온가족이 즐겨 찾을 수 있는 외식음식으로 자리잡았습니다.
369,현이슈퍼가맥,정문,3,./img/369.jpg,"""고려대 정문앞 가맥집이 새로 생겼습니다 50여종 이상의 국내외 맥주와 맛있는 안주가 있습니다 대학교 앞이라 학업 마치고 저녁이나 야식으로 들려도 되고요 퇴근후 한 잔 하기 좋은 곳 입니다"""
370,형제집,고대사거리,0,./img/370.jpg,저렴하면서 푸짐한 다양한 안주용 요리를 맛볼 수 있는 곳. 대학교 앞에 위치한 만큼 가격대비 푸짐한 양의 음식이 제공된다.
371,호굴,참살이/옆살이,3,./img/371.jpg,한식베이스 수제요리와 함께 다양한 종류의 주류를 즐길 수 있는 공간
372,호랑이초밥 고대점,참살이/옆살이,10,./img/372.jpg,서울 곳곳에서 초밥과 사시미로 사랑을 받고있는 호랑이초밥이 고대점으로 찾아왔습니다.
373,호랭이밥그릇,법대후문,0,./img/373.jpg,
374,호미,정문,0,./img/374.jpg,
375,호야니니쿠니쿠,참살이/옆살이,10,./img/375.jpg,특제 야키니쿠타래소스가 있는 덮밥집
376,홍콩반점0410,참살이/옆살이,1,./img/376.jpg,홍콩반점0410 고대안암점
377,화궁방마라탕&양꼬치 고려대점,안암오거리,1,./img/377.jpg,화궁방마라탕(고려대점)
378,황금닭발,고대사거리,0,./img/378.jpg,사장님겸 쉐프님으로서 신당동 불닭경력 10년과 종암동 유정식당 20년 쉐프 경력을 기반으로 이번 황금불닭발을 개업하게 되었습니다.
379,황소식당,안암오거리,0,./img/379.jpg,양이 많은 것으로 인기 있는 가정식 백반 식당입니다.
380,훈,정문,"3, 10",./img/380.jpg,"""일본식 퓨전 이자카야 입니다."""
381,휴그린 단백질카페,개운사/정후,4,./img/381.jpg,"""내가 먹는 음식이 나를 만든다"" 내 몸에 필요한 영양을 채워주세요."
382,희야 이자카야,참살이/옆살이,3,./img/382.jpg,고려대학교 안암역 앞 이자카야 술집 '희야 이자카야' 입니다.
383,히든트랙 안암점,안암오거리,3,./img/383.jpg,"맥주 양조장 '히든트랙 브루잉'의 직영펍. 셀프탭, RF태그 주문으로 원하는 맥주를 원하는 양만큼 드실 수 있습니다."
384,히포크라테스 스프,참살이/옆살이,2,./img/384.jpg,건강하고 맛있는 베이커리/스튜
385,힐링식탁,정문,1,./img/385.jpg,"""합리적인 가격으로 최고의 중화 요리를 맛볼 수 있는 중식 전문점 [힐링식탁]입니다!"""
386,B1PUB,참살이/옆살이,3,./img/386.jpg,옆살이 칵테일/맥주 바
387,BBQ치킨 안암오거리점,안암오거리,7,./img/387.jpg,안녕하세요. 고객의 행복을 키우는 BBQ입니다.
388,BHC치킨 고대역점,정문,7,./img/388.jpg,"""*운영시간/휴무일은 매장상황에 따라 변동될 수 있습니다. 매장으로 확인 부탁드립니다."""
389,BIYA 부대찌개 본점,개운사/정후,0,./img/389.jpg,고대근처 밥에 비벼 먹으면 진짜 맛있는 부대찌개
390,Cafe gate,참살이/옆살이,4,./img/390.jpg,안암동 카페
391,cafe meal.zip,법대후문,4,./img/391.jpg,
392,KFC고대안암,개운사/정후,12,./img/392.jpg,치킨나이트 행사는 KFC APP과 매장에서만 주문 가능합니다.
393,Mother's Bob,법대후문,8,./img/393.jpg,
394,mychef,참살이/옆살이,2,./img/394.jpg,옆살이 양식
395,The Hub,참살이/옆살이,3,./img/395.jpg,안암의 캐주얼 칵테일 바 입니다!
396,VIC,고대사거리,2,./img/396.jpg,품질좋은 새우와 위스키 그리고 맥주 와인 소주. 기분좋은 마무리를 선물하겠습니다~